{
  "k": 10,
  "queries": 648,
  "metrics": {
    "nDCG@10": 0.18239244405956576,
    "MRR@10": 0.1703183176562806
  },
  "latency_ms": {
    "encode": {
      "p50": 427.97092299952055,
      "p95": 522.0990729999357
    },
    "search": {
      "p50": 8.9087219994326,
      "p95": 12.083803999757947
    },
    "total": {
      "p50": 436.68409300062194,
      "p95": 532.9769135000788
    }
  }
}