{
  "nDCG@10": 0.09281172180178358,
  "MRR@10": 0.08215143053106017
}