{
  "k_candidates": 50,
  "k_eval": 10,
  "norm": "z",
  "alphas": [
    0.0,
    0.25,
    0.5,
    0.75,
    1.0
  ],
  "best": {
    "alpha": 0.5,
    "nDCG@10": 0.19811653292534398,
    "MRR@10": 0.1848220409563002
  },
  "per_alpha": {
    "0.00": {
      "nDCG@10": 0.18239244405956576,
      "MRR@10": 0.1703183176562806
    },
    "0.25": {
      "nDCG@10": 0.1931057024485376,
      "MRR@10": 0.18010912698412698
    },
    "0.50": {
      "nDCG@10": 0.19811653292534398,
      "MRR@10": 0.1848220409563002
    },
    "0.75": {
      "nDCG@10": 0.17629499073310786,
      "MRR@10": 0.16125747109543404
    },
    "1.00": {
      "nDCG@10": 0.12937770284138478,
      "MRR@10": 0.11092984518910445
    }
  },
  "latency_ms": {
    "encode_total": 3080.776544999935,
    "search_p50": 8.743669999603298,
    "search_p95": 9.310155500315886
  }
}