{
  "nDCG@10": 0.18239244405956576,
  "MRR@10": 0.1703183176562806
}